{
    "UserAgent": "aws-amplify-cli/2.0",
    "Version": "1.0",
    "api": {
        "plugins": {
            "awsAPIPlugin": {
                "humancare": {
                    "endpointType": "GraphQL",
                    "endpoint": "https://ehxuwrrzu5bfpi7ggshsjyvhh4.appsync-api.eu-central-1.amazonaws.com/graphql",
                    "region": "eu-central-1",
                    "authorizationType": "API_KEY",
                    "apiKey": "da2-4rr62mdpuffkhjcuntr6qrx25i"
                }
            }
        }
    },
    "auth": {
        "plugins": {
            "awsCognitoAuthPlugin": {
                "UserAgent": "aws-amplify-cli/0.1.0",
                "Version": "0.1.0",
                "IdentityManager": {
                    "Default": {}
                },
                "AppSync": {
                    "Default": {
                        "ApiUrl": "https://ehxuwrrzu5bfpi7ggshsjyvhh4.appsync-api.eu-central-1.amazonaws.com/graphql",
                        "Region": "eu-central-1",
                        "AuthMode": "API_KEY",
                        "ApiKey": "da2-4rr62mdpuffkhjcuntr6qrx25i",
                        "ClientDatabasePrefix": "humancare_API_KEY"
                    }
                },
                "CredentialsProvider": {
                    "CognitoIdentity": {
                        "Default": {
                            "PoolId": "eu-central-1:faafdad4-81dd-4eb0-b462-9b49e0cd28e3",
                            "Region": "eu-central-1"
                        }
                    }
                },
                "CognitoUserPool": {
                    "Default": {
                        "PoolId": "eu-central-1_tZee5SmBN",
                        "AppClientId": "4q6sc4f7h52tmom0emieth3k4n",
                        "Region": "eu-central-1"
                    }
                },
                "Auth": {
                    "Default": {
                        "authenticationFlowType": "USER_SRP_AUTH",
                        "socialProviders": [],
                        "usernameAttributes": [],
                        "signupAttributes": [
                            "EMAIL"
                        ],
                        "passwordProtectionSettings": {
                            "passwordPolicyMinLength": 8,
                            "passwordPolicyCharacters": []
                        },
                        "mfaConfiguration": "OFF",
                        "mfaTypes": [
                            "SMS"
                        ],
                        "verificationMechanisms": [
                            "EMAIL"
                        ]
                    }
                }
            }
        }
    }
}