{
  "providers": {
    "awscloudformation": {
      "AuthRoleName": "amplify-humancare-dev-172916-authRole",
      "UnauthRoleArn": "arn:aws:iam::452597155788:role/amplify-humancare-dev-172916-unauthRole",
      "AuthRoleArn": "arn:aws:iam::452597155788:role/amplify-humancare-dev-172916-authRole",
      "Region": "eu-central-1",
      "DeploymentBucketName": "amplify-humancare-dev-172916-deployment",
      "UnauthRoleName": "amplify-humancare-dev-172916-unauthRole",
      "StackName": "amplify-humancare-dev-172916",
      "StackId": "arn:aws:cloudformation:eu-central-1:452597155788:stack/amplify-humancare-dev-172916/c15effc0-4f96-11ec-93a3-025294b9a04e",
      "AmplifyAppId": "dhk3kiprb5zpm"
    }
  },
  "api": {
    "humancare": {
      "service": "AppSync",
      "providerPlugin": "awscloudformation",
      "output": {
        "authConfig": {
          "defaultAuthentication": {
            "authenticationType": "API_KEY",
            "apiKeyConfig": {
              "apiKeyExpirationDays": 7
            }
          },
          "additionalAuthenticationProviders": []
        },
        "GraphQLAPIIdOutput": "gm56ulwzunasre4djkalewkj5i",
        "GraphQLAPIEndpointOutput": "https://ehxuwrrzu5bfpi7ggshsjyvhh4.appsync-api.eu-central-1.amazonaws.com/graphql",
        "GraphQLAPIKeyOutput": "da2-4rr62mdpuffkhjcuntr6qrx25i"
      },
      "providerMetadata": {
        "s3TemplateURL": "https://s3.amazonaws.com/amplify-humancare-dev-172916-deployment/amplify-cfn-templates/api/cloudformation-template.json",
        "logicalId": "apihumancare"
      },
      "lastPushTimeStamp": "2021-11-27T16:24:59.750Z",
      "lastPushDirHash": "JPT7WpVys5zH44Zq8yQWEHTIu3k="
    }
  },
  "auth": {
    "humancarec93b1ff0": {
      "service": "Cognito",
      "providerPlugin": "awscloudformation",
      "dependsOn": [],
      "customAuth": false,
      "frontendAuthConfig": {
        "socialProviders": [],
        "usernameAttributes": [],
        "signupAttributes": [
          "EMAIL"
        ],
        "passwordProtectionSettings": {
          "passwordPolicyMinLength": 8,
          "passwordPolicyCharacters": []
        },
        "mfaConfiguration": "OFF",
        "mfaTypes": [
          "SMS"
        ],
        "verificationMechanisms": [
          "EMAIL"
        ]
      },
      "providerMetadata": {
        "s3TemplateURL": "https://s3.amazonaws.com/amplify-humancare-dev-172916-deployment/amplify-cfn-templates/auth/humancarec93b1ff0-cloudformation-template.json",
        "logicalId": "authhumancarec93b1ff0"
      },
      "lastPushTimeStamp": "2021-11-27T16:24:59.796Z",
      "output": {
        "UserPoolId": "eu-central-1_tZee5SmBN",
        "AppClientIDWeb": "4o59feek73f74mrj6rb7mauuh1",
        "AppClientID": "4q6sc4f7h52tmom0emieth3k4n",
        "IdentityPoolId": "eu-central-1:faafdad4-81dd-4eb0-b462-9b49e0cd28e3",
        "UserPoolArn": "arn:aws:cognito-idp:eu-central-1:452597155788:userpool/eu-central-1_tZee5SmBN",
        "IdentityPoolName": "humancarec93b1ff0_identitypool_c93b1ff0__dev",
        "UserPoolName": "humancarec93b1ff0_userpool_c93b1ff0"
      },
      "lastPushDirHash": "bSEKuqqv0+O9OcN10hkviX8Hrjs="
    }
  }
}